{
  "meta": {
    "method": "mba_ocsvm_v2",
    "dataset_label": "daga_DenialOfService",
    "n_train_rows": 8743765,
    "n_test_rows": 9061500,
    "supports_message_eval": true,
    "supports_window_eval": true,
    "binary_method": false,
    "preferred_eval_unit": "window",
    "paper_dataset": "CarHacking",
    "window_config": null,
    "window_labeling_strategy": "any_attack",
    "method_parameters": {
      "params": {
        "window_seconds": 1,
        "stride_seconds": 1,
        "nu_bounds": [
          0.001,
          0.2
        ],
        "gamma_bounds": [
          1e-06,
          100.0
        ],
        "pop_size": 25,
        "iters": 100,
        "loudness_decay": 0.2,
        "pulse_gamma": 0.2,
        "sv_penalty": 0.0,
        "max_train_windows": 2000,
        "max_val_windows": null,
        "random_state": 0
      }
    },
    "n_test_windows": 5478,
    "n_test_windows_attack": 5100,
    "n_test_windows_benign": 378,
    "score_unit_window": "window",
    "confusion_unit_window": "window",
    "label_semantics_window": {
      "0": "benign window",
      "1": "attack window"
    },
    "n_test_messages": 9061500,
    "n_test_messages_attack": 492660,
    "n_test_messages_benign": 8568840,
    "score_unit_message": "message",
    "confusion_unit_message": "message",
    "label_semantics_message": {
      "0": "benign message",
      "1": "attack message"
    }
  },
  "window_level": {
    "roc_pr": {
      "fpr": [
        0.0,
        0.007936507936507936,
        0.007936507936507936,
        0.007936507936507936,
        0.007936507936507936,
        1.0,
        1.0
      ],
      "tpr": [
        0.0,
        0.08725490196078431,
        0.08764705882352941,
        0.08960784313725491,
        0.0903921568627451,
        0.9854901960784314,
        1.0
      ],
      "thresholds": [
        Infinity,
        1.0,
        0.5326814120427201,
        0.4664326264772143,
        0.02377146653428497,
        0.00024367441224626418,
        0.0
      ]
    },
    "roc_auc": 0.5340180516651105,
    "thresholds": {
      "youden": {
        "threshold": 0.02377146653428497,
        "confusion": {
          "tn": 375,
          "fp": 3,
          "fn": 4639,
          "tp": 461,
          "precision": 0.9935344827586207,
          "recall": 0.0903921568627451,
          "f1": 0.16570812365204887,
          "tpr": 0.0903921568627451,
          "fpr": 0.007936507936507936,
          "tnr": 0.9920634920634921,
          "fnr": 0.909607843137255
        }
      },
      "best_f1": {
        "threshold": 0.0,
        "confusion": {
          "tn": 0,
          "fp": 378,
          "fn": 0,
          "tp": 5100,
          "precision": 0.9309967141292442,
          "recall": 1.0,
          "f1": 0.9642654566080544,
          "tpr": 1.0,
          "fpr": 1.0,
          "tnr": 0.0,
          "fnr": 0.0
        }
      },
      "three_sigma": {
        "threshold": 0.27431195139504155,
        "confusion": {
          "tn": 375,
          "fp": 3,
          "fn": 4643,
          "tp": 457,
          "precision": 0.9934782608695653,
          "recall": 0.08960784313725491,
          "f1": 0.16438848920863308,
          "tpr": 0.08960784313725491,
          "fpr": 0.007936507936507936,
          "tnr": 0.9920634920634921,
          "fnr": 0.9103921568627451
        }
      },
      "fpr_0.001": {
        "target_fpr": 0.001,
        "chosen_threshold": Infinity,
        "achieved_fpr": 0.0,
        "achieved_tpr": 0.0,
        "confusion": {
          "tn": 378,
          "fp": 0,
          "fn": 5100,
          "tp": 0,
          "precision": 0.0,
          "recall": 0.0,
          "f1": 0.0,
          "tpr": 0.0,
          "fpr": 0.0,
          "tnr": 1.0,
          "fnr": 1.0
        }
      },
      "fpr_0.01": {
        "target_fpr": 0.01,
        "chosen_threshold": 1.0,
        "achieved_fpr": 0.007936507936507936,
        "achieved_tpr": 0.08725490196078431,
        "confusion": {
          "tn": 375,
          "fp": 3,
          "fn": 4655,
          "tp": 445,
          "precision": 0.9933035714285714,
          "recall": 0.08725490196078431,
          "f1": 0.16041816870944484,
          "tpr": 0.08725490196078431,
          "fpr": 0.007936507936507936,
          "tnr": 0.9920634920634921,
          "fnr": 0.9127450980392157
        }
      },
      "fpr_0.05": {
        "target_fpr": 0.05,
        "chosen_threshold": 1.0,
        "achieved_fpr": 0.007936507936507936,
        "achieved_tpr": 0.08725490196078431,
        "confusion": {
          "tn": 375,
          "fp": 3,
          "fn": 4655,
          "tp": 445,
          "precision": 0.9933035714285714,
          "recall": 0.08725490196078431,
          "f1": 0.16041816870944484,
          "tpr": 0.08725490196078431,
          "fpr": 0.007936507936507936,
          "tnr": 0.9920634920634921,
          "fnr": 0.9127450980392157
        }
      }
    },
    "best_f1_threshold": 0.0
  },
  "message_level": {
    "roc_pr": {
      "fpr": [
        0.0,
        2.7658352822552412e-05,
        2.7658352822552412e-05,
        2.7775054733196092e-05,
        3.0225794856713394e-05,
        3.0342496767357076e-05,
        3.442706363988591e-05,
        3.442706363988591e-05,
        3.442706363988591e-05,
        3.4543765550529596e-05,
        3.617759229954113e-05,
        3.629429421018481e-05,
        4.037886108271365e-05,
        4.037886108271365e-05,
        4.119577445721941e-05,
        4.119577445721941e-05,
        4.142917827850678e-05,
        4.224609165301254e-05,
        4.2479495474299905e-05,
        4.738097572133451e-05,
        4.738097572133451e-05,
        4.901480247034604e-05,
        4.901480247034604e-05,
        5.4616494181242735e-05,
        5.5433407555748504e-05,
        6.103509926664519e-05,
        6.266892601565672e-05,
        6.266892601565672e-05,
        6.675349288818556e-05,
        6.675349288818556e-05,
        0.0003871002376050901,
        0.00038791715097959584,
        1.0
      ],
      "tpr": [
        0.0,
        0.4751816668696464,
        0.48046319977266266,
        0.48046319977266266,
        0.48046319977266266,
        0.48046319977266266,
        0.48046319977266266,
        0.48602078512564445,
        0.49130231802866076,
        0.49130231802866076,
        0.49130231802866076,
        0.49130231802866076,
        0.49130231802866076,
        0.4968599033816425,
        0.4968599033816425,
        0.5021414362846588,
        0.5021414362846588,
        0.5021414362846588,
        0.5021414362846588,
        0.5021414362846588,
        0.5076990216376406,
        0.5076990216376406,
        0.5129805545406568,
        0.5129805545406568,
        0.5129805545406568,
        0.5129805545406568,
        0.5129805545406568,
        0.5185381398936386,
        0.5185381398936386,
        0.5238196727966549,
        0.5238196727966549,
        0.5238196727966549,
        1.0
      ],
      "thresholds": [
        Infinity,
        1.0,
        0.9260674010561445,
        0.9210966149426554,
        0.8511483840400444,
        0.8316692279694848,
        0.7749544277950378,
        0.7645205396520254,
        0.6941522337584018,
        0.6840765220840979,
        0.5997116270169585,
        0.5936951017937986,
        0.5344237441634192,
        0.5326814120427201,
        0.5126864530642194,
        0.4664326264772143,
        0.45140007415274397,
        0.4028300436255421,
        0.36006381592994785,
        0.30651775174521845,
        0.305233791953583,
        0.25443164816555,
        0.24295660954571474,
        0.22311471737687327,
        0.17545054349702127,
        0.1308230043297698,
        0.08704082151352566,
        0.08222407312713642,
        0.029400604404060005,
        0.02377146653428497,
        0.00024367441224626418,
        0.0002430382521509955,
        0.0
      ]
    },
    "roc_auc": 0.7618087215001855,
    "thresholds": {
      "youden": {
        "threshold": 0.02377146653428497,